<?xml version="1.0" encoding="ISO-8859-1"?>
<root>
	<item id="Title"><![CDATA[Discuz! Plugin]]></item>
	<item id="Version"><![CDATA[X3.4]]></item>
	<item id="Time"><![CDATA[2017-11-19 02:37]]></item>
	<item id="From"><![CDATA[Discuz! Board (http://localhost:8081/)]]></item>
	<item id="Data">
		<item id="plugin">
			<item id="available"><![CDATA[1]]></item>
			<item id="adminid"><![CDATA[1]]></item>
			<item id="name"><![CDATA[YOYOWAuth]]></item>
			<item id="identifier"><![CDATA[yoyowauth]]></item>
			<item id="description"><![CDATA[提供YOYOW网络账号的授权登录]]></item>
			<item id="datatables"><![CDATA[]]></item>
			<item id="directory"><![CDATA[yoyowauth/]]></item>
			<item id="copyright"><![CDATA[YOYOW版权所有]]></item>
			<item id="version"><![CDATA[0.1]]></item>
			<item id="__modules">
				<item id="0">
					<item id="name"><![CDATA[yywauth]]></item>
					<item id="param"><![CDATA[]]></item>
					<item id="menu"><![CDATA[]]></item>
					<item id="url"><![CDATA[]]></item>
					<item id="type"><![CDATA[11]]></item>
					<item id="adminid"><![CDATA[0]]></item>
					<item id="displayorder"><![CDATA[0]]></item>
					<item id="navtitle"><![CDATA[]]></item>
					<item id="navicon"><![CDATA[]]></item>
					<item id="navsubname"><![CDATA[]]></item>
					<item id="navsuburl"><![CDATA[]]></item>
				</item>
				<item id="1">
					<item id="name"><![CDATA[yywauth]]></item>
					<item id="param"><![CDATA[]]></item>
					<item id="menu"><![CDATA[]]></item>
					<item id="url"><![CDATA[]]></item>
					<item id="type"><![CDATA[28]]></item>
					<item id="adminid"><![CDATA[0]]></item>
					<item id="displayorder"><![CDATA[0]]></item>
					<item id="navtitle"><![CDATA[]]></item>
					<item id="navicon"><![CDATA[]]></item>
					<item id="navsubname"><![CDATA[]]></item>
					<item id="navsuburl"><![CDATA[]]></item>
				</item>
			</item>
		</item>
		<item id="version"><![CDATA[X3.4]]></item>
		<item id="var">
			<item id="0">
				<item id="displayorder"><![CDATA[0]]></item>
				<item id="title"><![CDATA[Show Button]]></item>
				<item id="description"><![CDATA[]]></item>
				<item id="variable"><![CDATA[show_button]]></item>
				<item id="type"><![CDATA[radio]]></item>
				<item id="value"><![CDATA[1]]></item>
				<item id="extra"><![CDATA[]]></item>
			</item>
			<item id="1">
				<item id="displayorder"><![CDATA[1]]></item>
				<item id="title"><![CDATA[API Server]]></item>
				<item id="description"><![CDATA[]]></item>
				<item id="variable"><![CDATA[api_url]]></item>
				<item id="type"><![CDATA[text]]></item>
				<item id="value"><![CDATA[ws://demo.yoyow.org:8590]]></item>
				<item id="extra"><![CDATA[]]></item>
			</item>
			<item id="2">
				<item id="displayorder"><![CDATA[2]]></item>
				<item id="title"><![CDATA[Faucet Server]]></item>
				<item id="description"><![CDATA[]]></item>
				<item id="variable"><![CDATA[faucet_url]]></item>
				<item id="type"><![CDATA[text]]></item>
				<item id="value"><![CDATA[http://demo.yoyow.org:3000]]></item>
				<item id="extra"><![CDATA[]]></item>
			</item>
			<item id="3">
				<item id="displayorder"><![CDATA[3]]></item>
				<item id="title"><![CDATA[Nodejs Server]]></item>
				<item id="description"><![CDATA[]]></item>
				<item id="variable"><![CDATA[node_auth_url]]></item>
				<item id="type"><![CDATA[text]]></item>
				<item id="value"><![CDATA[http://localhost:9123]]></item>
				<item id="extra"><![CDATA[]]></item>
			</item>
			<item id="4">
				<item id="displayorder"><![CDATA[4]]></item>
				<item id="title"><![CDATA[Platform Id]]></item>
				<item id="description"><![CDATA[]]></item>
				<item id="variable"><![CDATA[platform_id]]></item>
				<item id="type"><![CDATA[text]]></item>
				<item id="value"><![CDATA[平台id]]></item>
				<item id="extra"><![CDATA[]]></item>
			</item>
			<item id="5">
				<item id="displayorder"><![CDATA[5]]></item>
				<item id="title"><![CDATA[Secondary Key]]></item>
				<item id="description"><![CDATA[]]></item>
				<item id="variable"><![CDATA[secondary_key]]></item>
				<item id="type"><![CDATA[text]]></item>
				<item id="value"><![CDATA[平台所有者私钥]]></item>
				<item id="extra"><![CDATA[]]></item>
			</item>
		</item>
		<item id="language">
			<item id="scriptlang">
				<item id="yyw_register_bind_already"><![CDATA[此账号已经绑定过了]]></item>
				<item id="yyw_register_bind_success"><![CDATA[与YOYOW账号绑定成功]]></item>
				<item id="yyw_login_success"><![CDATA[YOYOW账号登录成功]]></item>
				<item id="yyw_message_unbinded"><![CDATA[解除与YOYOW账号绑定]]></item>
				<item id="yyw_verify_failed"><![CDATA[签名验证失败]]></item>
			</item>
			<item id="templatelang">
				<item id="login_button_title"><![CDATA[用YOYOW账号登录]]></item>
				<item id="bind_button_title"><![CDATA[绑定YOYOW账号]]></item>
			</item>
			<item id="systemlang">
				<item id="admincp">
					<item id="Show Button"><![CDATA[显示登录按钮]]></item>
					<item id="API Server"><![CDATA[API服务器地址]]></item>
					<item id="Faucet Server"><![CDATA[水龙头服务器地址]]></item>
					<item id="Nodejs Server"><![CDATA[插件服务器地址]]></item>
					<item id="Platform Id"><![CDATA[平台账号]]></item>
					<item id="Secondary Key"><![CDATA[平台所有者零钱私钥]]></item>
				</item>
			</item>
		</item>
		<item id="installfile"><![CDATA[install.php]]></item>
		<item id="uninstallfile"><![CDATA[uninstall.php]]></item>
		<item id="upgradefile"><![CDATA[upgrade.php]]></item>
	</item>
</root>